-- Persons
INSERT INTO person (person_id, firstname, prefix, lastname, created_at, created_by, modified_at, modified_by) VALUES
    ('b1000000-0000-0000-0000-000000000001', 'Jan', 'van', 'Bergen', '2026-01-01 10:00:00', NULL, '2026-01-01 10:00:00', NULL),
    ('b1000000-0000-0000-0000-000000000002', 'Maria', NULL, 'Jansen', '2026-02-15 09:30:00', NULL, '2026-02-15 09:30:00', NULL),
    ('b1000000-0000-0000-0000-000000000003', 'Pieter', 'de', 'Groot', '2026-03-01 14:00:00', NULL, '2026-03-01 14:00:00', NULL);

-- Organizations
INSERT INTO organization (organization_id, name, created_at, created_by, modified_at, modified_by) VALUES
    ('a1000000-0000-0000-0000-000000000001', 'Puurkroatie', '2026-01-01 09:00:00', NULL, '2026-01-01 09:00:00', NULL),
    ('a1000000-0000-0000-0000-000000000002', 'TechPartner BV', '2026-01-01 09:00:00', NULL, '2026-01-01 09:00:00', NULL);

-- Accounts (password_hash = bcrypt van 'password123')
INSERT INTO account (account_id, user_name, password_hash, organization_id, person_id, locked, expires_at, created_at, created_by, modified_at, modified_by) VALUES
    ('e1000000-0000-0000-0000-000000000001', 'jan.vanbergen', '$2y$10$kTLZtPFTPFRb4lXnP9dlL.5XiJzHzb8rD3Si7PXUycOkzJobk0dPW', 'a1000000-0000-0000-0000-000000000001', 'b1000000-0000-0000-0000-000000000001', false, '2027-01-01 00:00:00', '2026-01-01 10:00:00', NULL, '2026-01-01 10:00:00', NULL),
    ('e1000000-0000-0000-0000-000000000002', 'maria.jansen', '$2y$10$kTLZtPFTPFRb4lXnP9dlL.5XiJzHzb8rD3Si7PXUycOkzJobk0dPW', 'a1000000-0000-0000-0000-000000000001', 'b1000000-0000-0000-0000-000000000002', false, '2027-01-01 00:00:00', '2026-02-15 09:30:00', 'e1000000-0000-0000-0000-000000000001', '2026-02-15 09:30:00', 'e1000000-0000-0000-0000-000000000001'),
    ('e1000000-0000-0000-0000-000000000003', 'pieter.degroot', '$2y$10$kTLZtPFTPFRb4lXnP9dlL.5XiJzHzb8rD3Si7PXUycOkzJobk0dPW', 'a1000000-0000-0000-0000-000000000002', 'b1000000-0000-0000-0000-000000000003', false, '2027-06-01 00:00:00', '2026-03-01 14:00:00', 'e1000000-0000-0000-0000-000000000001', '2026-03-01 14:00:00', 'e1000000-0000-0000-0000-000000000001');

-- Roles
INSERT INTO role (role_id, description) VALUES
    ('c1000000-0000-0000-0000-000000000001', 'ADMIN'),
    ('c1000000-0000-0000-0000-000000000002', 'EMPLOYEE'),
    ('c1000000-0000-0000-0000-000000000003', 'MANAGER');

-- Authorities (21 granulaire authorities)
INSERT INTO authority (authority_id, description) VALUES
    ('d1000000-0000-0000-0000-000000000001', 'ORGANIZATION_READ'),
    ('d1000000-0000-0000-0000-000000000002', 'ORGANIZATION_WRITE'),
    ('d1000000-0000-0000-0000-000000000003', 'ORGANIZATION_DELETE'),
    ('d1000000-0000-0000-0000-000000000004', 'PERSON_READ'),
    ('d1000000-0000-0000-0000-000000000005', 'PERSON_WRITE'),
    ('d1000000-0000-0000-0000-000000000006', 'PERSON_DELETE'),
    ('d1000000-0000-0000-0000-000000000007', 'ACCOUNT_READ'),
    ('d1000000-0000-0000-0000-000000000008', 'ACCOUNT_WRITE'),
    ('d1000000-0000-0000-0000-000000000009', 'ACCOUNT_DELETE'),
    ('d1000000-0000-0000-0000-000000000010', 'ROLE_READ'),
    ('d1000000-0000-0000-0000-000000000011', 'ROLE_WRITE'),
    ('d1000000-0000-0000-0000-000000000012', 'ROLE_DELETE'),
    ('d1000000-0000-0000-0000-000000000013', 'AUTHORITY_READ'),
    ('d1000000-0000-0000-0000-000000000014', 'AUTHORITY_WRITE'),
    ('d1000000-0000-0000-0000-000000000015', 'AUTHORITY_DELETE'),
    ('d1000000-0000-0000-0000-000000000016', 'ACCOUNTROLE_READ'),
    ('d1000000-0000-0000-0000-000000000017', 'ACCOUNTROLE_WRITE'),
    ('d1000000-0000-0000-0000-000000000018', 'ACCOUNTROLE_DELETE'),
    ('d1000000-0000-0000-0000-000000000019', 'ROLEAUTHORITY_READ'),
    ('d1000000-0000-0000-0000-000000000020', 'ROLEAUTHORITY_WRITE'),
    ('d1000000-0000-0000-0000-000000000021', 'ROLEAUTHORITY_DELETE');

-- Account-Role koppelingen
-- jan.vanbergen = ADMIN
-- maria.jansen = EMPLOYEE
-- pieter.degroot = MANAGER
INSERT INTO account_role (account_id, role_id, created_at, created_by, modified_at, modified_by) VALUES
    ('e1000000-0000-0000-0000-000000000001', 'c1000000-0000-0000-0000-000000000001', '2026-01-01 10:00:00', 'e1000000-0000-0000-0000-000000000001', '2026-01-01 10:00:00', 'e1000000-0000-0000-0000-000000000001'),
    ('e1000000-0000-0000-0000-000000000002', 'c1000000-0000-0000-0000-000000000002', '2026-02-15 09:30:00', 'e1000000-0000-0000-0000-000000000001', '2026-02-15 09:30:00', 'e1000000-0000-0000-0000-000000000001'),
    ('e1000000-0000-0000-0000-000000000003', 'c1000000-0000-0000-0000-000000000003', '2026-03-01 14:00:00', 'e1000000-0000-0000-0000-000000000001', '2026-03-01 14:00:00', 'e1000000-0000-0000-0000-000000000001');

-- Role-Authority koppelingen

-- ADMIN: alle 21 authorities
INSERT INTO role_authority (role_id, authority_id) VALUES
    ('c1000000-0000-0000-0000-000000000001', 'd1000000-0000-0000-0000-000000000001'),
    ('c1000000-0000-0000-0000-000000000001', 'd1000000-0000-0000-0000-000000000002'),
    ('c1000000-0000-0000-0000-000000000001', 'd1000000-0000-0000-0000-000000000003'),
    ('c1000000-0000-0000-0000-000000000001', 'd1000000-0000-0000-0000-000000000004'),
    ('c1000000-0000-0000-0000-000000000001', 'd1000000-0000-0000-0000-000000000005'),
    ('c1000000-0000-0000-0000-000000000001', 'd1000000-0000-0000-0000-000000000006'),
    ('c1000000-0000-0000-0000-000000000001', 'd1000000-0000-0000-0000-000000000007'),
    ('c1000000-0000-0000-0000-000000000001', 'd1000000-0000-0000-0000-000000000008'),
    ('c1000000-0000-0000-0000-000000000001', 'd1000000-0000-0000-0000-000000000009'),
    ('c1000000-0000-0000-0000-000000000001', 'd1000000-0000-0000-0000-000000000010'),
    ('c1000000-0000-0000-0000-000000000001', 'd1000000-0000-0000-0000-000000000011'),
    ('c1000000-0000-0000-0000-000000000001', 'd1000000-0000-0000-0000-000000000012'),
    ('c1000000-0000-0000-0000-000000000001', 'd1000000-0000-0000-0000-000000000013'),
    ('c1000000-0000-0000-0000-000000000001', 'd1000000-0000-0000-0000-000000000014'),
    ('c1000000-0000-0000-0000-000000000001', 'd1000000-0000-0000-0000-000000000015'),
    ('c1000000-0000-0000-0000-000000000001', 'd1000000-0000-0000-0000-000000000016'),
    ('c1000000-0000-0000-0000-000000000001', 'd1000000-0000-0000-0000-000000000017'),
    ('c1000000-0000-0000-0000-000000000001', 'd1000000-0000-0000-0000-000000000018'),
    ('c1000000-0000-0000-0000-000000000001', 'd1000000-0000-0000-0000-000000000019'),
    ('c1000000-0000-0000-0000-000000000001', 'd1000000-0000-0000-0000-000000000020'),
    ('c1000000-0000-0000-0000-000000000001', 'd1000000-0000-0000-0000-000000000021');

-- MANAGER: PERSON_READ/WRITE/DELETE, ACCOUNT_READ/WRITE/DELETE, ACCOUNTROLE_READ/WRITE/DELETE
INSERT INTO role_authority (role_id, authority_id) VALUES
    ('c1000000-0000-0000-0000-000000000003', 'd1000000-0000-0000-0000-000000000004'),
    ('c1000000-0000-0000-0000-000000000003', 'd1000000-0000-0000-0000-000000000005'),
    ('c1000000-0000-0000-0000-000000000003', 'd1000000-0000-0000-0000-000000000006'),
    ('c1000000-0000-0000-0000-000000000003', 'd1000000-0000-0000-0000-000000000007'),
    ('c1000000-0000-0000-0000-000000000003', 'd1000000-0000-0000-0000-000000000008'),
    ('c1000000-0000-0000-0000-000000000003', 'd1000000-0000-0000-0000-000000000009'),
    ('c1000000-0000-0000-0000-000000000003', 'd1000000-0000-0000-0000-000000000016'),
    ('c1000000-0000-0000-0000-000000000003', 'd1000000-0000-0000-0000-000000000017'),
    ('c1000000-0000-0000-0000-000000000003', 'd1000000-0000-0000-0000-000000000018');

-- EMPLOYEE: PERSON_READ/WRITE, ACCOUNT_READ/WRITE
INSERT INTO role_authority (role_id, authority_id) VALUES
    ('c1000000-0000-0000-0000-000000000002', 'd1000000-0000-0000-0000-000000000004'),
    ('c1000000-0000-0000-0000-000000000002', 'd1000000-0000-0000-0000-000000000005'),
    ('c1000000-0000-0000-0000-000000000002', 'd1000000-0000-0000-0000-000000000007'),
    ('c1000000-0000-0000-0000-000000000002', 'd1000000-0000-0000-0000-000000000008');
