-- Organizations
INSERT INTO organization (organization_id, name, created_at, created_by, modified_at, modified_by) VALUES
    ('a1000000-0000-0000-0000-000000000001', 'Puurkroatie', '2026-01-01 09:00:00', NULL, '2026-01-01 09:00:00', NULL),
    ('a1000000-0000-0000-0000-000000000002', 'TechPartner BV', '2026-01-01 09:00:00', NULL, '2026-01-01 09:00:00', NULL);

-- Persons
INSERT INTO person (person_id, firstname, prefix, lastname, organization_id, created_at, created_by, modified_at, modified_by) VALUES
    ('b1000000-0000-0000-0000-000000000001', 'Jan', 'van', 'Bergen', 'a1000000-0000-0000-0000-000000000001', '2026-01-01 10:00:00', NULL, '2026-01-01 10:00:00', NULL),
    ('b1000000-0000-0000-0000-000000000002', 'Maria', NULL, 'Jansen', 'a1000000-0000-0000-0000-000000000001', '2026-02-15 09:30:00', NULL, '2026-02-15 09:30:00', NULL),
    ('b1000000-0000-0000-0000-000000000003', 'Pieter', 'de', 'Groot', 'a1000000-0000-0000-0000-000000000002', '2026-03-01 14:00:00', NULL, '2026-03-01 14:00:00', NULL),
    ('b1000000-0000-0000-0000-000000000004', 'Sophie', 'van', 'Dijk', 'a1000000-0000-0000-0000-000000000002', '2026-03-01 14:30:00', 'e1000000-0000-0000-0000-000000000003', '2026-03-01 14:30:00', 'e1000000-0000-0000-0000-000000000003');

-- Accounts (password_hash = bcrypt van 'password123')
INSERT INTO account (account_id, user_name, password_hash, person_id, locked, must_change_password, expires_at, created_at, created_by, modified_at, modified_by) VALUES
    ('e1000000-0000-0000-0000-000000000001', 'jan.vanbergen', '$2y$10$kTLZtPFTPFRb4lXnP9dlL.5XiJzHzb8rD3Si7PXUycOkzJobk0dPW', 'b1000000-0000-0000-0000-000000000001', false, false, '2027-01-01 00:00:00', '2026-01-01 10:00:00', NULL, '2026-01-01 10:00:00', NULL),
    ('e1000000-0000-0000-0000-000000000002', 'maria.jansen', '$2y$10$kTLZtPFTPFRb4lXnP9dlL.5XiJzHzb8rD3Si7PXUycOkzJobk0dPW', 'b1000000-0000-0000-0000-000000000002', false, false, '2027-01-01 00:00:00', '2026-02-15 09:30:00', 'e1000000-0000-0000-0000-000000000001', '2026-02-15 09:30:00', 'e1000000-0000-0000-0000-000000000001'),
    ('e1000000-0000-0000-0000-000000000003', 'pieter.degroot', '$2y$10$kTLZtPFTPFRb4lXnP9dlL.5XiJzHzb8rD3Si7PXUycOkzJobk0dPW', 'b1000000-0000-0000-0000-000000000003', false, false, '2027-06-01 00:00:00', '2026-03-01 14:00:00', 'e1000000-0000-0000-0000-000000000001', '2026-03-01 14:00:00', 'e1000000-0000-0000-0000-000000000001'),
    ('e1000000-0000-0000-0000-000000000004', 'sophie.vandijk', '$2y$10$kTLZtPFTPFRb4lXnP9dlL.5XiJzHzb8rD3Si7PXUycOkzJobk0dPW', 'b1000000-0000-0000-0000-000000000004', false, false, '2027-06-01 00:00:00', '2026-03-01 14:30:00', 'e1000000-0000-0000-0000-000000000003', '2026-03-01 14:30:00', 'e1000000-0000-0000-0000-000000000003');

-- Roles
INSERT INTO role (role_id, description) VALUES
    ('c1000000-0000-0000-0000-000000000001', 'ADMIN'),
    ('c1000000-0000-0000-0000-000000000002', 'EMPLOYEE'),
    ('c1000000-0000-0000-0000-000000000003', 'MANAGER');

-- Authorities (21 granulaire authorities)
INSERT INTO authority (authority_id, description) VALUES
    ('d1000000-0000-0000-0000-000000000001', 'ORGANIZATION_READ'),
    ('d1000000-0000-0000-0000-000000000002', 'ORGANIZATION_WRITE'),
    ('d1000000-0000-0000-0000-000000000003', 'ORGANIZATION_DELETE'),
    ('d1000000-0000-0000-0000-000000000004', 'PERSON_READ'),
    ('d1000000-0000-0000-0000-000000000005', 'PERSON_WRITE'),
    ('d1000000-0000-0000-0000-000000000006', 'PERSON_DELETE'),
    ('d1000000-0000-0000-0000-000000000007', 'ACCOUNT_READ'),
    ('d1000000-0000-0000-0000-000000000008', 'ACCOUNT_WRITE'),
    ('d1000000-0000-0000-0000-000000000009', 'ACCOUNT_DELETE'),
    ('d1000000-0000-0000-0000-000000000010', 'ROLE_READ'),
    ('d1000000-0000-0000-0000-000000000011', 'ROLE_WRITE'),
    ('d1000000-0000-0000-0000-000000000012', 'ROLE_DELETE'),
    ('d1000000-0000-0000-0000-000000000013', 'AUTHORITY_READ'),
    ('d1000000-0000-0000-0000-000000000014', 'AUTHORITY_WRITE'),
    ('d1000000-0000-0000-0000-000000000015', 'AUTHORITY_DELETE'),
    ('d1000000-0000-0000-0000-000000000016', 'ACCOUNTROLE_READ'),
    ('d1000000-0000-0000-0000-000000000017', 'ACCOUNTROLE_WRITE'),
    ('d1000000-0000-0000-0000-000000000018', 'ACCOUNTROLE_DELETE'),
    ('d1000000-0000-0000-0000-000000000019', 'ROLEAUTHORITY_READ'),
    ('d1000000-0000-0000-0000-000000000020', 'ROLEAUTHORITY_WRITE'),
    ('d1000000-0000-0000-0000-000000000021', 'ROLEAUTHORITY_DELETE'),
    ('d1000000-0000-0000-0000-000000000022', 'BOOKING_READ'),
    ('d1000000-0000-0000-0000-000000000023', 'BOOKING_WRITE'),
    ('d1000000-0000-0000-0000-000000000024', 'BOOKING_DELETE');

-- Account-Role koppelingen
-- jan.vanbergen = ADMIN
-- maria.jansen = EMPLOYEE
-- pieter.degroot = MANAGER
INSERT INTO account_role (account_id, role_id, created_at, created_by, modified_at, modified_by) VALUES
    ('e1000000-0000-0000-0000-000000000001', 'c1000000-0000-0000-0000-000000000001', '2026-01-01 10:00:00', 'e1000000-0000-0000-0000-000000000001', '2026-01-01 10:00:00', 'e1000000-0000-0000-0000-000000000001'),
    ('e1000000-0000-0000-0000-000000000002', 'c1000000-0000-0000-0000-000000000002', '2026-02-15 09:30:00', 'e1000000-0000-0000-0000-000000000001', '2026-02-15 09:30:00', 'e1000000-0000-0000-0000-000000000001'),
    ('e1000000-0000-0000-0000-000000000003', 'c1000000-0000-0000-0000-000000000003', '2026-03-01 14:00:00', 'e1000000-0000-0000-0000-000000000001', '2026-03-01 14:00:00', 'e1000000-0000-0000-0000-000000000001'),
    ('e1000000-0000-0000-0000-000000000004', 'c1000000-0000-0000-0000-000000000002', '2026-03-01 14:30:00', 'e1000000-0000-0000-0000-000000000003', '2026-03-01 14:30:00', 'e1000000-0000-0000-0000-000000000003');

-- Role-Authority koppelingen

-- ADMIN: alle 21 authorities
INSERT INTO role_authority (role_id, authority_id) VALUES
    ('c1000000-0000-0000-0000-000000000001', 'd1000000-0000-0000-0000-000000000001'),
    ('c1000000-0000-0000-0000-000000000001', 'd1000000-0000-0000-0000-000000000002'),
    ('c1000000-0000-0000-0000-000000000001', 'd1000000-0000-0000-0000-000000000003'),
    ('c1000000-0000-0000-0000-000000000001', 'd1000000-0000-0000-0000-000000000004'),
    ('c1000000-0000-0000-0000-000000000001', 'd1000000-0000-0000-0000-000000000005'),
    ('c1000000-0000-0000-0000-000000000001', 'd1000000-0000-0000-0000-000000000006'),
    ('c1000000-0000-0000-0000-000000000001', 'd1000000-0000-0000-0000-000000000007'),
    ('c1000000-0000-0000-0000-000000000001', 'd1000000-0000-0000-0000-000000000008'),
    ('c1000000-0000-0000-0000-000000000001', 'd1000000-0000-0000-0000-000000000009'),
    ('c1000000-0000-0000-0000-000000000001', 'd1000000-0000-0000-0000-000000000010'),
    ('c1000000-0000-0000-0000-000000000001', 'd1000000-0000-0000-0000-000000000011'),
    ('c1000000-0000-0000-0000-000000000001', 'd1000000-0000-0000-0000-000000000012'),
    ('c1000000-0000-0000-0000-000000000001', 'd1000000-0000-0000-0000-000000000013'),
    ('c1000000-0000-0000-0000-000000000001', 'd1000000-0000-0000-0000-000000000014'),
    ('c1000000-0000-0000-0000-000000000001', 'd1000000-0000-0000-0000-000000000015'),
    ('c1000000-0000-0000-0000-000000000001', 'd1000000-0000-0000-0000-000000000016'),
    ('c1000000-0000-0000-0000-000000000001', 'd1000000-0000-0000-0000-000000000017'),
    ('c1000000-0000-0000-0000-000000000001', 'd1000000-0000-0000-0000-000000000018'),
    ('c1000000-0000-0000-0000-000000000001', 'd1000000-0000-0000-0000-000000000019'),
    ('c1000000-0000-0000-0000-000000000001', 'd1000000-0000-0000-0000-000000000020'),
    ('c1000000-0000-0000-0000-000000000001', 'd1000000-0000-0000-0000-000000000021'),
    ('c1000000-0000-0000-0000-000000000001', 'd1000000-0000-0000-0000-000000000022'),
    ('c1000000-0000-0000-0000-000000000001', 'd1000000-0000-0000-0000-000000000023'),
    ('c1000000-0000-0000-0000-000000000001', 'd1000000-0000-0000-0000-000000000024');

-- MANAGER: PERSON_READ/WRITE/DELETE, ACCOUNT_READ/WRITE/DELETE, ROLE_READ, AUTHORITY_READ, ACCOUNTROLE_READ/WRITE/DELETE, ROLEAUTHORITY_READ
INSERT INTO role_authority (role_id, authority_id) VALUES
    ('c1000000-0000-0000-0000-000000000003', 'd1000000-0000-0000-0000-000000000004'),
    ('c1000000-0000-0000-0000-000000000003', 'd1000000-0000-0000-0000-000000000005'),
    ('c1000000-0000-0000-0000-000000000003', 'd1000000-0000-0000-0000-000000000006'),
    ('c1000000-0000-0000-0000-000000000003', 'd1000000-0000-0000-0000-000000000007'),
    ('c1000000-0000-0000-0000-000000000003', 'd1000000-0000-0000-0000-000000000008'),
    ('c1000000-0000-0000-0000-000000000003', 'd1000000-0000-0000-0000-000000000009'),
    ('c1000000-0000-0000-0000-000000000003', 'd1000000-0000-0000-0000-000000000010'),
    ('c1000000-0000-0000-0000-000000000003', 'd1000000-0000-0000-0000-000000000013'),
    ('c1000000-0000-0000-0000-000000000003', 'd1000000-0000-0000-0000-000000000016'),
    ('c1000000-0000-0000-0000-000000000003', 'd1000000-0000-0000-0000-000000000017'),
    ('c1000000-0000-0000-0000-000000000003', 'd1000000-0000-0000-0000-000000000018'),
    ('c1000000-0000-0000-0000-000000000003', 'd1000000-0000-0000-0000-000000000019'),
    ('c1000000-0000-0000-0000-000000000003', 'd1000000-0000-0000-0000-000000000022'),
    ('c1000000-0000-0000-0000-000000000003', 'd1000000-0000-0000-0000-000000000023'),
    ('c1000000-0000-0000-0000-000000000003', 'd1000000-0000-0000-0000-000000000024');

-- EMPLOYEE: PERSON_READ, ACCOUNT_READ
INSERT INTO role_authority (role_id, authority_id) VALUES
    ('c1000000-0000-0000-0000-000000000002', 'd1000000-0000-0000-0000-000000000004'),
    ('c1000000-0000-0000-0000-000000000002', 'd1000000-0000-0000-0000-000000000007'),
    ('c1000000-0000-0000-0000-000000000002', 'd1000000-0000-0000-0000-000000000022'),
    ('c1000000-0000-0000-0000-000000000002', 'd1000000-0000-0000-0000-000000000023'),
    ('c1000000-0000-0000-0000-000000000002', 'd1000000-0000-0000-0000-000000000024');

-- Booking Statuses
INSERT INTO booking_status (bookingstatus_id, displayname) VALUES
    ('f1000000-0000-0000-0000-000000000001', 'concept'),
    ('f1000000-0000-0000-0000-000000000002', 'bevestigd'),
    ('f1000000-0000-0000-0000-000000000003', 'geaccordeerd'),
    ('f1000000-0000-0000-0000-000000000004', 'betaald'),
    ('f1000000-0000-0000-0000-000000000005', 'afgerond'),
    ('f1000000-0000-0000-0000-000000000006', 'geannuleerd');

-- Genders
INSERT INTO gender (gender_id, displayname) VALUES
    ('f2000000-0000-0000-0000-000000000001', 'man'),
    ('f2000000-0000-0000-0000-000000000002', 'vrouw'),
    ('f2000000-0000-0000-0000-000000000003', 'anders');

-- Address Roles
INSERT INTO address_role (addressrole_id, displayname) VALUES
    ('f3000000-0000-0000-0000-000000000001', 'woon'),
    ('f3000000-0000-0000-0000-000000000002', 'factuur'),
    ('f3000000-0000-0000-0000-000000000003', 'accommodatie'),
    ('f3000000-0000-0000-0000-000000000004', 'leverancier');

-- =============================================
-- Booking testdata
-- =============================================
-- Puurkroatie bookings aangemaakt door maria.jansen (EMPLOYEE, e1000000-...-002)
-- TechPartner BV bookings aangemaakt door sophie.vandijk (EMPLOYEE, e1000000-...-004)

-- Bookings (3 per organisatie)
INSERT INTO booking (booking_id, booking_number, booking_status_id, from_date, until_date, total_sum, created_at, created_by, modified_at, modified_by, tenant_organization) VALUES
    ('01000000-0000-0000-0000-000000000001', 'BK-2026-001', 'f1000000-0000-0000-0000-000000000001', '2026-07-01', '2026-07-14', 2450.00, '2026-04-10 09:00:00', 'e1000000-0000-0000-0000-000000000002', '2026-04-10 09:00:00', 'e1000000-0000-0000-0000-000000000002', 'a1000000-0000-0000-0000-000000000001'),
    ('01000000-0000-0000-0000-000000000002', 'BK-2026-002', 'f1000000-0000-0000-0000-000000000002', '2026-08-15', '2026-08-22', 1875.50, '2026-04-12 10:30:00', 'e1000000-0000-0000-0000-000000000002', '2026-04-15 14:00:00', 'e1000000-0000-0000-0000-000000000002', 'a1000000-0000-0000-0000-000000000001'),
    ('01000000-0000-0000-0000-000000000003', 'BK-2026-003', 'f1000000-0000-0000-0000-000000000004', '2026-09-01', '2026-09-10', 3200.00, '2026-03-20 11:00:00', 'e1000000-0000-0000-0000-000000000002', '2026-05-01 16:00:00', 'e1000000-0000-0000-0000-000000000002', 'a1000000-0000-0000-0000-000000000001'),
    ('01000000-0000-0000-0000-000000000004', 'BK-2026-004', 'f1000000-0000-0000-0000-000000000001', '2026-07-20', '2026-07-27', 1650.00, '2026-04-18 08:30:00', 'e1000000-0000-0000-0000-000000000004', '2026-04-18 08:30:00', 'e1000000-0000-0000-0000-000000000004', 'a1000000-0000-0000-0000-000000000002'),
    ('01000000-0000-0000-0000-000000000005', 'BK-2026-005', 'f1000000-0000-0000-0000-000000000003', '2026-10-01', '2026-10-08', 2980.75, '2026-04-20 13:00:00', 'e1000000-0000-0000-0000-000000000004', '2026-05-10 09:00:00', 'e1000000-0000-0000-0000-000000000004', 'a1000000-0000-0000-0000-000000000002'),
    ('01000000-0000-0000-0000-000000000006', 'BK-2026-006', 'f1000000-0000-0000-0000-000000000005', '2026-06-01', '2026-06-15', 4100.00, '2026-02-10 10:00:00', 'e1000000-0000-0000-0000-000000000004', '2026-06-20 11:00:00', 'e1000000-0000-0000-0000-000000000004', 'a1000000-0000-0000-0000-000000000002');

-- Bookers (1 per booking)
INSERT INTO booker (booker_id, booking_id, firstname, prefix, lastname, callsign, telephone, emailaddress, gender_id, birthdate, initials, created_at, created_by, modified_at, modified_by, tenant_organization) VALUES
    ('02000000-0000-0000-0000-000000000001', '01000000-0000-0000-0000-000000000001', 'Klaas', 'van', 'Houten', 'Kansen-Klaas', '0612345678', 'klaas@example.com', 'f2000000-0000-0000-0000-000000000001', '1985-03-15', 'K.', '2026-04-10 09:05:00', 'e1000000-0000-0000-0000-000000000002', '2026-04-10 09:05:00', 'e1000000-0000-0000-0000-000000000002', 'a1000000-0000-0000-0000-000000000001'),
    ('02000000-0000-0000-0000-000000000002', '01000000-0000-0000-0000-000000000002', 'Annemiek', NULL, 'Bakker', 'Annemiek', '0623456789', 'annemiek.bakker@example.com', 'f2000000-0000-0000-0000-000000000002', '1990-11-22', 'A.', '2026-04-12 10:35:00', 'e1000000-0000-0000-0000-000000000002', '2026-04-12 10:35:00', 'e1000000-0000-0000-0000-000000000002', 'a1000000-0000-0000-0000-000000000001'),
    ('02000000-0000-0000-0000-000000000003', '01000000-0000-0000-0000-000000000003', 'Willem', 'de', 'Vries', 'Wim', '0634567890', 'wim.devries@example.com', 'f2000000-0000-0000-0000-000000000001', '1978-06-30', 'W.', '2026-03-20 11:05:00', 'e1000000-0000-0000-0000-000000000002', '2026-03-20 11:05:00', 'e1000000-0000-0000-0000-000000000002', 'a1000000-0000-0000-0000-000000000001'),
    ('02000000-0000-0000-0000-000000000004', '01000000-0000-0000-0000-000000000004', 'Thomas', NULL, 'Smit', 'Tom', '0645678901', 'thomas.smit@example.com', 'f2000000-0000-0000-0000-000000000001', '1992-01-10', 'T.', '2026-04-18 08:35:00', 'e1000000-0000-0000-0000-000000000004', '2026-04-18 08:35:00', 'e1000000-0000-0000-0000-000000000004', 'a1000000-0000-0000-0000-000000000002'),
    ('02000000-0000-0000-0000-000000000005', '01000000-0000-0000-0000-000000000005', 'Linda', 'van der', 'Berg', 'Linda', '0656789012', 'linda.vdberg@example.com', 'f2000000-0000-0000-0000-000000000002', '1988-09-05', 'L.', '2026-04-20 13:05:00', 'e1000000-0000-0000-0000-000000000004', '2026-04-20 13:05:00', 'e1000000-0000-0000-0000-000000000004', 'a1000000-0000-0000-0000-000000000002'),
    ('02000000-0000-0000-0000-000000000006', '01000000-0000-0000-0000-000000000006', 'Erik', NULL, 'Mulder', 'Erik', '0667890123', 'erik.mulder@example.com', 'f2000000-0000-0000-0000-000000000001', '1975-12-18', 'E.', '2026-02-10 10:05:00', 'e1000000-0000-0000-0000-000000000004', '2026-02-10 10:05:00', 'e1000000-0000-0000-0000-000000000004', 'a1000000-0000-0000-0000-000000000002');

-- Travelers (verdeeld over bookings)
INSERT INTO traveler (traveler_id, booking_id, firstname, prefix, lastname, gender_id, birthdate, initials, created_at, created_by, modified_at, modified_by, tenant_organization) VALUES
    ('03000000-0000-0000-0000-000000000001', '01000000-0000-0000-0000-000000000001', 'Inge', 'van', 'Houten', 'f2000000-0000-0000-0000-000000000002', '1987-07-20', 'I.', '2026-04-10 09:10:00', 'e1000000-0000-0000-0000-000000000002', '2026-04-10 09:10:00', 'e1000000-0000-0000-0000-000000000002', 'a1000000-0000-0000-0000-000000000001'),
    ('03000000-0000-0000-0000-000000000002', '01000000-0000-0000-0000-000000000001', 'Daan', 'van', 'Houten', 'f2000000-0000-0000-0000-000000000001', '2015-04-12', 'D.', '2026-04-10 09:12:00', 'e1000000-0000-0000-0000-000000000002', '2026-04-10 09:12:00', 'e1000000-0000-0000-0000-000000000002', 'a1000000-0000-0000-0000-000000000001'),
    ('03000000-0000-0000-0000-000000000003', '01000000-0000-0000-0000-000000000002', 'Jeroen', NULL, 'Bakker', 'f2000000-0000-0000-0000-000000000001', '1989-02-14', 'J.', '2026-04-12 10:40:00', 'e1000000-0000-0000-0000-000000000002', '2026-04-12 10:40:00', 'e1000000-0000-0000-0000-000000000002', 'a1000000-0000-0000-0000-000000000001'),
    ('03000000-0000-0000-0000-000000000004', '01000000-0000-0000-0000-000000000003', 'Sanne', 'de', 'Vries', 'f2000000-0000-0000-0000-000000000002', '1980-08-25', 'S.', '2026-03-20 11:10:00', 'e1000000-0000-0000-0000-000000000002', '2026-03-20 11:10:00', 'e1000000-0000-0000-0000-000000000002', 'a1000000-0000-0000-0000-000000000001'),
    ('03000000-0000-0000-0000-000000000005', '01000000-0000-0000-0000-000000000004', 'Lisa', NULL, 'Smit', 'f2000000-0000-0000-0000-000000000002', '1994-05-30', 'L.', '2026-04-18 08:40:00', 'e1000000-0000-0000-0000-000000000004', '2026-04-18 08:40:00', 'e1000000-0000-0000-0000-000000000004', 'a1000000-0000-0000-0000-000000000002'),
    ('03000000-0000-0000-0000-000000000006', '01000000-0000-0000-0000-000000000005', 'Mark', 'van der', 'Berg', 'f2000000-0000-0000-0000-000000000001', '1986-11-08', 'M.', '2026-04-20 13:10:00', 'e1000000-0000-0000-0000-000000000004', '2026-04-20 13:10:00', 'e1000000-0000-0000-0000-000000000004', 'a1000000-0000-0000-0000-000000000002'),
    ('03000000-0000-0000-0000-000000000007', '01000000-0000-0000-0000-000000000005', 'Emma', 'van der', 'Berg', 'f2000000-0000-0000-0000-000000000002', '2018-03-22', 'E.', '2026-04-20 13:12:00', 'e1000000-0000-0000-0000-000000000004', '2026-04-20 13:12:00', 'e1000000-0000-0000-0000-000000000004', 'a1000000-0000-0000-0000-000000000002'),
    ('03000000-0000-0000-0000-000000000008', '01000000-0000-0000-0000-000000000006', 'Nathalie', NULL, 'Mulder', 'f2000000-0000-0000-0000-000000000002', '1977-04-02', 'N.', '2026-02-10 10:10:00', 'e1000000-0000-0000-0000-000000000004', '2026-02-10 10:10:00', 'e1000000-0000-0000-0000-000000000004', 'a1000000-0000-0000-0000-000000000002');

-- Suppliers (2 per organisatie)
INSERT INTO supplier (supplier_id, key, name, created_at, created_by, modified_at, modified_by, tenant_organization) VALUES
    ('05000000-0000-0000-0000-000000000001', 'SUP-HR-001', 'Hotel Resort Adriatic', '2026-03-01 09:00:00', 'e1000000-0000-0000-0000-000000000002', '2026-03-01 09:00:00', 'e1000000-0000-0000-0000-000000000002', 'a1000000-0000-0000-0000-000000000001'),
    ('05000000-0000-0000-0000-000000000002', 'SUP-VP-001', 'Villa Park Dalmatia', '2026-03-02 10:00:00', 'e1000000-0000-0000-0000-000000000002', '2026-03-02 10:00:00', 'e1000000-0000-0000-0000-000000000002', 'a1000000-0000-0000-0000-000000000001'),
    ('05000000-0000-0000-0000-000000000003', 'SUP-BH-001', 'Boutique Hotel Zagreb', '2026-03-05 11:00:00', 'e1000000-0000-0000-0000-000000000004', '2026-03-05 11:00:00', 'e1000000-0000-0000-0000-000000000004', 'a1000000-0000-0000-0000-000000000002'),
    ('05000000-0000-0000-0000-000000000004', 'SUP-CR-001', 'Camping Resort Istria', '2026-03-06 12:00:00', 'e1000000-0000-0000-0000-000000000004', '2026-03-06 12:00:00', 'e1000000-0000-0000-0000-000000000004', 'a1000000-0000-0000-0000-000000000002');

-- Accommodations (3 per organisatie)
INSERT INTO accommodation (accommodation_id, key, name, created_at, created_by, modified_at, modified_by, tenant_organization) VALUES
    ('04000000-0000-0000-0000-000000000001', 'ACC-DUB-001', 'Dubrovnik Zeezicht Suite', '2026-03-01 09:30:00', 'e1000000-0000-0000-0000-000000000002', '2026-03-01 09:30:00', 'e1000000-0000-0000-0000-000000000002', 'a1000000-0000-0000-0000-000000000001'),
    ('04000000-0000-0000-0000-000000000002', 'ACC-SPL-001', 'Split Familieappartement', '2026-03-02 10:30:00', 'e1000000-0000-0000-0000-000000000002', '2026-03-02 10:30:00', 'e1000000-0000-0000-0000-000000000002', 'a1000000-0000-0000-0000-000000000001'),
    ('04000000-0000-0000-0000-000000000003', 'ACC-HVR-001', 'Hvar Luxe Villa', '2026-03-03 11:00:00', 'e1000000-0000-0000-0000-000000000002', '2026-03-03 11:00:00', 'e1000000-0000-0000-0000-000000000002', 'a1000000-0000-0000-0000-000000000001'),
    ('04000000-0000-0000-0000-000000000004', 'ACC-ZAG-001', 'Zagreb Stadsappartement', '2026-03-05 11:30:00', 'e1000000-0000-0000-0000-000000000004', '2026-03-05 11:30:00', 'e1000000-0000-0000-0000-000000000004', 'a1000000-0000-0000-0000-000000000002'),
    ('04000000-0000-0000-0000-000000000005', 'ACC-PUL-001', 'Pula Strandhuisje', '2026-03-06 12:30:00', 'e1000000-0000-0000-0000-000000000004', '2026-03-06 12:30:00', 'e1000000-0000-0000-0000-000000000004', 'a1000000-0000-0000-0000-000000000002'),
    ('04000000-0000-0000-0000-000000000006', 'ACC-ROV-001', 'Rovinj Havenview', '2026-03-07 09:00:00', 'e1000000-0000-0000-0000-000000000004', '2026-03-07 09:00:00', 'e1000000-0000-0000-0000-000000000004', 'a1000000-0000-0000-0000-000000000002');

-- Addresses (woon- en factuuradressen voor bookers, accommodatie- en leveranciersadressen)
INSERT INTO address (address_id, street, housenumber, housenumber_addition, postalcode, city, country, addressrole_id, created_at, created_by, modified_at, modified_by, tenant_organization) VALUES
    -- Woonadressen bookers Puurkroatie
    ('06000000-0000-0000-0000-000000000001', 'Kerkstraat', 12, NULL, '9711 AB', 'Groningen', 'Nederland', 'f3000000-0000-0000-0000-000000000001', '2026-04-10 09:15:00', 'e1000000-0000-0000-0000-000000000002', '2026-04-10 09:15:00', 'e1000000-0000-0000-0000-000000000002', 'a1000000-0000-0000-0000-000000000001'),
    ('06000000-0000-0000-0000-000000000002', 'Hoofdweg', 45, 'A', '1058 AW', 'Amsterdam', 'Nederland', 'f3000000-0000-0000-0000-000000000001', '2026-04-12 10:45:00', 'e1000000-0000-0000-0000-000000000002', '2026-04-12 10:45:00', 'e1000000-0000-0000-0000-000000000002', 'a1000000-0000-0000-0000-000000000001'),
    ('06000000-0000-0000-0000-000000000003', 'Dorpsplein', 7, NULL, '3511 LK', 'Utrecht', 'Nederland', 'f3000000-0000-0000-0000-000000000001', '2026-03-20 11:15:00', 'e1000000-0000-0000-0000-000000000002', '2026-03-20 11:15:00', 'e1000000-0000-0000-0000-000000000002', 'a1000000-0000-0000-0000-000000000001'),
    -- Factuuradressen bookers Puurkroatie
    ('06000000-0000-0000-0000-000000000004', 'Kerkstraat', 12, NULL, '9711 AB', 'Groningen', 'Nederland', 'f3000000-0000-0000-0000-000000000002', '2026-04-10 09:16:00', 'e1000000-0000-0000-0000-000000000002', '2026-04-10 09:16:00', 'e1000000-0000-0000-0000-000000000002', 'a1000000-0000-0000-0000-000000000001'),
    -- Woonadressen bookers TechPartner
    ('06000000-0000-0000-0000-000000000005', 'Stationsweg', 88, NULL, '3013 AK', 'Rotterdam', 'Nederland', 'f3000000-0000-0000-0000-000000000001', '2026-04-18 08:45:00', 'e1000000-0000-0000-0000-000000000004', '2026-04-18 08:45:00', 'e1000000-0000-0000-0000-000000000004', 'a1000000-0000-0000-0000-000000000002'),
    ('06000000-0000-0000-0000-000000000006', 'Laan van Meerdervoort', 200, 'B', '2517 BJ', 'Den Haag', 'Nederland', 'f3000000-0000-0000-0000-000000000001', '2026-04-20 13:15:00', 'e1000000-0000-0000-0000-000000000004', '2026-04-20 13:15:00', 'e1000000-0000-0000-0000-000000000004', 'a1000000-0000-0000-0000-000000000002'),
    ('06000000-0000-0000-0000-000000000007', 'Marktplein', 3, NULL, '5611 EC', 'Eindhoven', 'Nederland', 'f3000000-0000-0000-0000-000000000001', '2026-02-10 10:15:00', 'e1000000-0000-0000-0000-000000000004', '2026-02-10 10:15:00', 'e1000000-0000-0000-0000-000000000004', 'a1000000-0000-0000-0000-000000000002'),
    -- Accommodatie-adressen Puurkroatie
    ('06000000-0000-0000-0000-000000000008', 'Ulica Frana Supila', 5, NULL, '20000', 'Dubrovnik', 'Kroatie', 'f3000000-0000-0000-0000-000000000003', '2026-03-01 09:35:00', 'e1000000-0000-0000-0000-000000000002', '2026-03-01 09:35:00', 'e1000000-0000-0000-0000-000000000002', 'a1000000-0000-0000-0000-000000000001'),
    ('06000000-0000-0000-0000-000000000009', 'Riva Obala', 22, NULL, '21000', 'Split', 'Kroatie', 'f3000000-0000-0000-0000-000000000003', '2026-03-02 10:35:00', 'e1000000-0000-0000-0000-000000000002', '2026-03-02 10:35:00', 'e1000000-0000-0000-0000-000000000002', 'a1000000-0000-0000-0000-000000000001'),
    ('06000000-0000-0000-0000-000000000010', 'Hvar Bay Road', 1, NULL, '21450', 'Hvar', 'Kroatie', 'f3000000-0000-0000-0000-000000000003', '2026-03-03 11:05:00', 'e1000000-0000-0000-0000-000000000002', '2026-03-03 11:05:00', 'e1000000-0000-0000-0000-000000000002', 'a1000000-0000-0000-0000-000000000001'),
    -- Accommodatie-adressen TechPartner
    ('06000000-0000-0000-0000-000000000011', 'Ilica', 100, NULL, '10000', 'Zagreb', 'Kroatie', 'f3000000-0000-0000-0000-000000000003', '2026-03-05 11:35:00', 'e1000000-0000-0000-0000-000000000004', '2026-03-05 11:35:00', 'e1000000-0000-0000-0000-000000000004', 'a1000000-0000-0000-0000-000000000002'),
    ('06000000-0000-0000-0000-000000000012', 'Verudela', 15, NULL, '52100', 'Pula', 'Kroatie', 'f3000000-0000-0000-0000-000000000003', '2026-03-06 12:35:00', 'e1000000-0000-0000-0000-000000000004', '2026-03-06 12:35:00', 'e1000000-0000-0000-0000-000000000004', 'a1000000-0000-0000-0000-000000000002'),
    ('06000000-0000-0000-0000-000000000013', 'Obala Pina Budicina', 8, NULL, '52210', 'Rovinj', 'Kroatie', 'f3000000-0000-0000-0000-000000000003', '2026-03-07 09:05:00', 'e1000000-0000-0000-0000-000000000004', '2026-03-07 09:05:00', 'e1000000-0000-0000-0000-000000000004', 'a1000000-0000-0000-0000-000000000002'),
    -- Leveranciersadressen
    ('06000000-0000-0000-0000-000000000014', 'Vukovarska', 58, NULL, '20000', 'Dubrovnik', 'Kroatie', 'f3000000-0000-0000-0000-000000000004', '2026-03-01 09:40:00', 'e1000000-0000-0000-0000-000000000002', '2026-03-01 09:40:00', 'e1000000-0000-0000-0000-000000000002', 'a1000000-0000-0000-0000-000000000001'),
    ('06000000-0000-0000-0000-000000000015', 'Put Firula', 30, NULL, '21000', 'Split', 'Kroatie', 'f3000000-0000-0000-0000-000000000004', '2026-03-02 10:40:00', 'e1000000-0000-0000-0000-000000000002', '2026-03-02 10:40:00', 'e1000000-0000-0000-0000-000000000002', 'a1000000-0000-0000-0000-000000000001'),
    ('06000000-0000-0000-0000-000000000016', 'Heinzelova', 44, NULL, '10000', 'Zagreb', 'Kroatie', 'f3000000-0000-0000-0000-000000000004', '2026-03-05 11:40:00', 'e1000000-0000-0000-0000-000000000004', '2026-03-05 11:40:00', 'e1000000-0000-0000-0000-000000000004', 'a1000000-0000-0000-0000-000000000002'),
    ('06000000-0000-0000-0000-000000000017', 'Flanticka', 12, NULL, '52100', 'Pula', 'Kroatie', 'f3000000-0000-0000-0000-000000000004', '2026-03-06 12:40:00', 'e1000000-0000-0000-0000-000000000004', '2026-03-06 12:40:00', 'e1000000-0000-0000-0000-000000000004', 'a1000000-0000-0000-0000-000000000002');

-- Documents (1 per booking, behalve de laatste)
INSERT INTO document (document_id, booking_id, displayname, document, created_at, created_by, modified_at, modified_by, tenant_organization) VALUES
    ('07000000-0000-0000-0000-000000000001', '01000000-0000-0000-0000-000000000001', 'Bevestigingsbrief BK-2026-001', NULL, '2026-04-10 09:20:00', 'e1000000-0000-0000-0000-000000000002', '2026-04-10 09:20:00', 'e1000000-0000-0000-0000-000000000002', 'a1000000-0000-0000-0000-000000000001'),
    ('07000000-0000-0000-0000-000000000002', '01000000-0000-0000-0000-000000000002', 'Factuur BK-2026-002', NULL, '2026-04-15 14:05:00', 'e1000000-0000-0000-0000-000000000002', '2026-04-15 14:05:00', 'e1000000-0000-0000-0000-000000000002', 'a1000000-0000-0000-0000-000000000001'),
    ('07000000-0000-0000-0000-000000000003', '01000000-0000-0000-0000-000000000003', 'Reisschema BK-2026-003', NULL, '2026-03-20 11:20:00', 'e1000000-0000-0000-0000-000000000002', '2026-03-20 11:20:00', 'e1000000-0000-0000-0000-000000000002', 'a1000000-0000-0000-0000-000000000001'),
    ('07000000-0000-0000-0000-000000000004', '01000000-0000-0000-0000-000000000004', 'Offerte BK-2026-004', NULL, '2026-04-18 08:50:00', 'e1000000-0000-0000-0000-000000000004', '2026-04-18 08:50:00', 'e1000000-0000-0000-0000-000000000004', 'a1000000-0000-0000-0000-000000000002'),
    ('07000000-0000-0000-0000-000000000005', '01000000-0000-0000-0000-000000000005', 'Bevestigingsbrief BK-2026-005', NULL, '2026-04-20 13:20:00', 'e1000000-0000-0000-0000-000000000004', '2026-04-20 13:20:00', 'e1000000-0000-0000-0000-000000000004', 'a1000000-0000-0000-0000-000000000002');

-- Booker-Address koppelingen
INSERT INTO booker_address (booker_id, address_id) VALUES
    ('02000000-0000-0000-0000-000000000001', '06000000-0000-0000-0000-000000000001'),
    ('02000000-0000-0000-0000-000000000001', '06000000-0000-0000-0000-000000000004'),
    ('02000000-0000-0000-0000-000000000002', '06000000-0000-0000-0000-000000000002'),
    ('02000000-0000-0000-0000-000000000003', '06000000-0000-0000-0000-000000000003'),
    ('02000000-0000-0000-0000-000000000004', '06000000-0000-0000-0000-000000000005'),
    ('02000000-0000-0000-0000-000000000005', '06000000-0000-0000-0000-000000000006'),
    ('02000000-0000-0000-0000-000000000006', '06000000-0000-0000-0000-000000000007');

-- Accommodation-Supplier koppelingen
INSERT INTO accommodation_supplier (accommodation_id, supplier_id) VALUES
    ('04000000-0000-0000-0000-000000000001', '05000000-0000-0000-0000-000000000001'),
    ('04000000-0000-0000-0000-000000000002', '05000000-0000-0000-0000-000000000001'),
    ('04000000-0000-0000-0000-000000000003', '05000000-0000-0000-0000-000000000002'),
    ('04000000-0000-0000-0000-000000000004', '05000000-0000-0000-0000-000000000003'),
    ('04000000-0000-0000-0000-000000000005', '05000000-0000-0000-0000-000000000004'),
    ('04000000-0000-0000-0000-000000000006', '05000000-0000-0000-0000-000000000004');

-- Accommodation-Address koppelingen
INSERT INTO accommodation_address (accommodation_id, address_id) VALUES
    ('04000000-0000-0000-0000-000000000001', '06000000-0000-0000-0000-000000000008'),
    ('04000000-0000-0000-0000-000000000002', '06000000-0000-0000-0000-000000000009'),
    ('04000000-0000-0000-0000-000000000003', '06000000-0000-0000-0000-000000000010'),
    ('04000000-0000-0000-0000-000000000004', '06000000-0000-0000-0000-000000000011'),
    ('04000000-0000-0000-0000-000000000005', '06000000-0000-0000-0000-000000000012'),
    ('04000000-0000-0000-0000-000000000006', '06000000-0000-0000-0000-000000000013');

-- Supplier-Address koppelingen
INSERT INTO supplier_address (supplier_id, address_id) VALUES
    ('05000000-0000-0000-0000-000000000001', '06000000-0000-0000-0000-000000000014'),
    ('05000000-0000-0000-0000-000000000002', '06000000-0000-0000-0000-000000000015'),
    ('05000000-0000-0000-0000-000000000003', '06000000-0000-0000-0000-000000000016'),
    ('05000000-0000-0000-0000-000000000004', '06000000-0000-0000-0000-000000000017');
