-- Accounts eerst aanmaken (nodig als createdBy referentie)
-- Account voor 'systeem' als bootstrap-account
INSERT INTO person (person_id, firstname, prefix, lastname, created_at, created_by, modified_at, modified_by) VALUES
    ('b1000000-0000-0000-0000-000000000001', 'Jan', 'van', 'Bergen', '2026-01-01 10:00:00', NULL, '2026-01-01 10:00:00', NULL),
    ('b1000000-0000-0000-0000-000000000002', 'Maria', NULL, 'Jansen', '2026-02-15 09:30:00', NULL, '2026-02-15 09:30:00', NULL),
    ('b1000000-0000-0000-0000-000000000003', 'Pieter', 'de', 'Groot', '2026-03-01 14:00:00', NULL, '2026-03-01 14:00:00', NULL);

-- Organizations
INSERT INTO organization (organization_id, name, created_at, created_by, modified_at, modified_by) VALUES
    ('a1000000-0000-0000-0000-000000000001', 'Puurkroatie', '2026-01-01 09:00:00', NULL, '2026-01-01 09:00:00', NULL),
    ('a1000000-0000-0000-0000-000000000002', 'TechPartner BV', '2026-01-01 09:00:00', NULL, '2026-01-01 09:00:00', NULL);

-- Accounts (password_hash = bcrypt van 'password123')
INSERT INTO account (account_id, user_name, password_hash, organization_id, person_id, locked, expires_at, created_at, created_by, modified_at, modified_by) VALUES
    ('e1000000-0000-0000-0000-000000000001', 'jan.vanbergen', '$2a$10$N9qo8uLOickgx2ZMRZoMyeIjZAgcfl7p92ldGxad68LJZdL17lhWy', 'a1000000-0000-0000-0000-000000000001', 'b1000000-0000-0000-0000-000000000001', false, '2027-01-01 00:00:00', '2026-01-01 10:00:00', NULL, '2026-01-01 10:00:00', NULL),
    ('e1000000-0000-0000-0000-000000000002', 'maria.jansen', '$2a$10$N9qo8uLOickgx2ZMRZoMyeIjZAgcfl7p92ldGxad68LJZdL17lhWy', 'a1000000-0000-0000-0000-000000000001', 'b1000000-0000-0000-0000-000000000002', false, '2027-01-01 00:00:00', '2026-02-15 09:30:00', 'e1000000-0000-0000-0000-000000000001', '2026-02-15 09:30:00', 'e1000000-0000-0000-0000-000000000001'),
    ('e1000000-0000-0000-0000-000000000003', 'pieter.degroot', '$2a$10$N9qo8uLOickgx2ZMRZoMyeIjZAgcfl7p92ldGxad68LJZdL17lhWy', 'a1000000-0000-0000-0000-000000000002', 'b1000000-0000-0000-0000-000000000003', false, '2027-06-01 00:00:00', '2026-03-01 14:00:00', 'e1000000-0000-0000-0000-000000000001', '2026-03-01 14:00:00', 'e1000000-0000-0000-0000-000000000001');

-- Roles
INSERT INTO role (role_id, description) VALUES
    ('c1000000-0000-0000-0000-000000000001', 'ADMIN'),
    ('c1000000-0000-0000-0000-000000000002', 'USER'),
    ('c1000000-0000-0000-0000-000000000003', 'MANAGER');

-- Authorities
INSERT INTO authority (authority_id, description) VALUES
    ('d1000000-0000-0000-0000-000000000001', 'READ'),
    ('d1000000-0000-0000-0000-000000000002', 'WRITE'),
    ('d1000000-0000-0000-0000-000000000003', 'DELETE'),
    ('d1000000-0000-0000-0000-000000000004', 'MANAGE_USERS');

-- Account-Role koppelingen
INSERT INTO account_role (account_id, role_id, created_at, created_by, modified_at, modified_by) VALUES
    ('e1000000-0000-0000-0000-000000000001', 'c1000000-0000-0000-0000-000000000001', '2026-01-01 10:00:00', 'e1000000-0000-0000-0000-000000000001', '2026-01-01 10:00:00', 'e1000000-0000-0000-0000-000000000001'),
    ('e1000000-0000-0000-0000-000000000002', 'c1000000-0000-0000-0000-000000000002', '2026-02-15 09:30:00', 'e1000000-0000-0000-0000-000000000001', '2026-02-15 09:30:00', 'e1000000-0000-0000-0000-000000000001'),
    ('e1000000-0000-0000-0000-000000000003', 'c1000000-0000-0000-0000-000000000003', '2026-03-01 14:00:00', 'e1000000-0000-0000-0000-000000000001', '2026-03-01 14:00:00', 'e1000000-0000-0000-0000-000000000001');

-- Role-Authority koppelingen
-- ADMIN: alle authorities
INSERT INTO role_authority (role_id, authority_id) VALUES
    ('c1000000-0000-0000-0000-000000000001', 'd1000000-0000-0000-0000-000000000001'),
    ('c1000000-0000-0000-0000-000000000001', 'd1000000-0000-0000-0000-000000000002'),
    ('c1000000-0000-0000-0000-000000000001', 'd1000000-0000-0000-0000-000000000003'),
    ('c1000000-0000-0000-0000-000000000001', 'd1000000-0000-0000-0000-000000000004');

-- USER: alleen READ
INSERT INTO role_authority (role_id, authority_id) VALUES
    ('c1000000-0000-0000-0000-000000000002', 'd1000000-0000-0000-0000-000000000001');

-- MANAGER: READ, WRITE, MANAGE_USERS
INSERT INTO role_authority (role_id, authority_id) VALUES
    ('c1000000-0000-0000-0000-000000000003', 'd1000000-0000-0000-0000-000000000001'),
    ('c1000000-0000-0000-0000-000000000003', 'd1000000-0000-0000-0000-000000000002'),
    ('c1000000-0000-0000-0000-000000000003', 'd1000000-0000-0000-0000-000000000004');
